,Iteration Count,Input Expression,Current Cost,Expand ?	,Expression to Process,selected_rand_comb,Rand El 1,Rand El 2,Matched Variable,Loop Reduced Expression,law_replace,New Expression,New Cost
0,0,a'b'c'+a'bc'+ab'c',9,True,a'b'c'+a'bc'+ab'c',M0M1,a'b'c',a'bc',a'c',a'c'(b'+b),a'c',ab'c'+a'c',5
1,1,ab'c'+a'c',5,False,ab'c'+a'c',M0M1,ab'c',a'c',c',c'(ab'+a'),c'(ab'+a'),c'(ab'+a'),4
2,2,c'(ab'+a'),4,True,c'(ab'+a'),,,,,,,c'(ab'+a'),4
3,3,c'(ab'+a'),4,True,c'(ab'+a'),,,,,,,c'(ab'+a'),4
4,4,c'(ab'+a'),4,True,c'(ab'+a'),,,,,,,c'(ab'+a'),4
5,5,c'(ab'+a'),4,False,c'(ab'+a'),,,,,,,c'(ab'+a'),4
6,6,c'(ab'+a'),4,False,c'(ab'+a'),,,,,,,c'(ab'+a'),4
7,7,c'(ab'+a'),4,False,c'(ab'+a'),,,,,,,c'(ab'+a'),4
8,8,c'(ab'+a'),4,False,c'(ab'+a'),,,,,,,c'(ab'+a'),4
9,9,c'(ab'+a'),4,False,c'(ab'+a'),,,,,,,c'(ab'+a'),4
10,10,c'(ab'+a'),4,True,c'(ab'+a'),,,,,,,c'(ab'+a'),4
11,11,c'(ab'+a'),4,False,c'(ab'+a'),,,,,,,c'(ab'+a'),4
12,12,c'(ab'+a'),4,True,c'(ab'+a'),,,,,,,c'(ab'+a'),4
13,13,c'(ab'+a'),4,False,c'(ab'+a'),,,,,,,c'(ab'+a'),4
14,14,c'(ab'+a'),4,False,c'(ab'+a'),,,,,,,c'(ab'+a'),4
15,15,c'(ab'+a'),4,False,c'(ab'+a'),,,,,,,c'(ab'+a'),4
16,16,c'(ab'+a'),4,False,c'(ab'+a'),,,,,,,c'(ab'+a'),4
17,17,c'(ab'+a'),4,False,c'(ab'+a'),,,,,,,c'(ab'+a'),4
18,18,c'(ab'+a'),4,False,c'(ab'+a'),,,,,,,c'(ab'+a'),4
19,19,c'(ab'+a'),4,True,c'(ab'+a'),,,,,,,c'(ab'+a'),4
20,20,c'(ab'+a'),4,False,c'(ab'+a'),,,,,,,c'(ab'+a'),4
21,21,c'(ab'+a'),4,False,c'(ab'+a'),,,,,,,c'(ab'+a'),4
22,22,c'(ab'+a'),4,False,c'(ab'+a'),,,,,,,c'(ab'+a'),4
23,23,c'(ab'+a'),4,False,c'(ab'+a'),,,,,,,c'(ab'+a'),4
24,24,c'(ab'+a'),4,False,c'(ab'+a'),,,,,,,c'(ab'+a'),4
25,25,c'(ab'+a'),4,True,c'(ab'+a'),,,,,,,c'(ab'+a'),4
26,26,c'(ab'+a'),4,True,c'(ab'+a'),,,,,,,c'(ab'+a'),4
27,27,c'(ab'+a'),4,True,c'(ab'+a'),,,,,,,c'(ab'+a'),4
28,28,c'(ab'+a'),4,False,c'(ab'+a'),,,,,,,c'(ab'+a'),4
29,29,c'(ab'+a'),4,False,c'(ab'+a'),,,,,,,c'(ab'+a'),4
30,30,c'(ab'+a'),4,False,c'(ab'+a'),,,,,,,c'(ab'+a'),4
31,31,c'(ab'+a'),4,True,c'(ab'+a'),,,,,,,c'(ab'+a'),4
32,32,c'(ab'+a'),4,False,c'(ab'+a'),,,,,,,c'(ab'+a'),4
33,33,c'(ab'+a'),4,False,c'(ab'+a'),,,,,,,c'(ab'+a'),4
34,34,c'(ab'+a'),4,False,c'(ab'+a'),,,,,,,c'(ab'+a'),4
35,35,c'(ab'+a'),4,True,c'(ab'+a'),,,,,,,c'(ab'+a'),4
36,36,c'(ab'+a'),4,True,c'(ab'+a'),,,,,,,c'(ab'+a'),4
37,37,c'(ab'+a'),4,False,c'(ab'+a'),,,,,,,c'(ab'+a'),4
38,38,c'(ab'+a'),4,False,c'(ab'+a'),,,,,,,c'(ab'+a'),4
39,39,c'(ab'+a'),4,True,c'(ab'+a'),,,,,,,c'(ab'+a'),4
40,40,c'(ab'+a'),4,True,c'(ab'+a'),,,,,,,c'(ab'+a'),4
41,41,c'(ab'+a'),4,False,c'(ab'+a'),,,,,,,c'(ab'+a'),4
42,42,c'(ab'+a'),4,True,c'(ab'+a'),,,,,,,c'(ab'+a'),4
43,43,c'(ab'+a'),4,True,c'(ab'+a'),,,,,,,c'(ab'+a'),4
44,44,c'(ab'+a'),4,True,c'(ab'+a'),,,,,,,c'(ab'+a'),4
45,45,c'(ab'+a'),4,False,c'(ab'+a'),,,,,,,c'(ab'+a'),4
46,46,c'(ab'+a'),4,True,c'(ab'+a'),,,,,,,c'(ab'+a'),4
47,47,c'(ab'+a'),4,False,c'(ab'+a'),,,,,,,c'(ab'+a'),4
48,48,c'(ab'+a'),4,True,c'(ab'+a'),,,,,,,c'(ab'+a'),4
49,49,c'(ab'+a'),4,False,c'(ab'+a'),,,,,,,c'(ab'+a'),4
50,50,c'(ab'+a'),4,True,c'(ab'+a'),,,,,,,c'(ab'+a'),4
51,51,c'(ab'+a'),4,False,c'(ab'+a'),,,,,,,c'(ab'+a'),4
52,52,c'(ab'+a'),4,True,c'(ab'+a'),,,,,,,c'(ab'+a'),4
53,53,c'(ab'+a'),4,False,c'(ab'+a'),,,,,,,c'(ab'+a'),4
54,54,c'(ab'+a'),4,False,c'(ab'+a'),,,,,,,c'(ab'+a'),4
55,55,c'(ab'+a'),4,False,c'(ab'+a'),,,,,,,c'(ab'+a'),4
56,56,c'(ab'+a'),4,False,c'(ab'+a'),,,,,,,c'(ab'+a'),4
57,57,c'(ab'+a'),4,False,c'(ab'+a'),,,,,,,c'(ab'+a'),4
58,58,c'(ab'+a'),4,True,c'(ab'+a'),,,,,,,c'(ab'+a'),4
59,59,c'(ab'+a'),4,False,c'(ab'+a'),,,,,,,c'(ab'+a'),4
60,60,c'(ab'+a'),4,False,c'(ab'+a'),,,,,,,c'(ab'+a'),4
61,61,c'(ab'+a'),4,True,c'(ab'+a'),,,,,,,c'(ab'+a'),4
62,62,c'(ab'+a'),4,False,c'(ab'+a'),,,,,,,c'(ab'+a'),4
63,63,c'(ab'+a'),4,True,c'(ab'+a'),,,,,,,c'(ab'+a'),4
64,64,c'(ab'+a'),4,False,c'(ab'+a'),,,,,,,c'(ab'+a'),4
65,65,c'(ab'+a'),4,False,c'(ab'+a'),,,,,,,c'(ab'+a'),4
66,66,c'(ab'+a'),4,True,c'(ab'+a'),,,,,,,c'(ab'+a'),4
67,67,c'(ab'+a'),4,False,c'(ab'+a'),,,,,,,c'(ab'+a'),4
68,68,c'(ab'+a'),4,False,c'(ab'+a'),,,,,,,c'(ab'+a'),4
69,69,c'(ab'+a'),4,False,c'(ab'+a'),,,,,,,c'(ab'+a'),4
70,70,c'(ab'+a'),4,False,c'(ab'+a'),,,,,,,c'(ab'+a'),4
71,71,c'(ab'+a'),4,False,c'(ab'+a'),,,,,,,c'(ab'+a'),4
72,72,c'(ab'+a'),4,False,c'(ab'+a'),,,,,,,c'(ab'+a'),4
73,73,c'(ab'+a'),4,True,c'(ab'+a'),,,,,,,c'(ab'+a'),4
74,74,c'(ab'+a'),4,True,c'(ab'+a'),,,,,,,c'(ab'+a'),4
75,75,c'(ab'+a'),4,True,c'(ab'+a'),,,,,,,c'(ab'+a'),4
76,76,c'(ab'+a'),4,False,c'(ab'+a'),,,,,,,c'(ab'+a'),4
77,77,c'(ab'+a'),4,True,c'(ab'+a'),,,,,,,c'(ab'+a'),4
78,78,c'(ab'+a'),4,False,c'(ab'+a'),,,,,,,c'(ab'+a'),4
79,79,c'(ab'+a'),4,True,c'(ab'+a'),,,,,,,c'(ab'+a'),4
80,80,c'(ab'+a'),4,True,c'(ab'+a'),,,,,,,c'(ab'+a'),4
81,81,c'(ab'+a'),4,True,c'(ab'+a'),,,,,,,c'(ab'+a'),4
82,82,c'(ab'+a'),4,True,c'(ab'+a'),,,,,,,c'(ab'+a'),4
83,83,c'(ab'+a'),4,False,c'(ab'+a'),,,,,,,c'(ab'+a'),4
84,84,c'(ab'+a'),4,True,c'(ab'+a'),,,,,,,c'(ab'+a'),4
85,85,c'(ab'+a'),4,False,c'(ab'+a'),,,,,,,c'(ab'+a'),4
86,86,c'(ab'+a'),4,False,c'(ab'+a'),,,,,,,c'(ab'+a'),4
87,87,c'(ab'+a'),4,True,c'(ab'+a'),,,,,,,c'(ab'+a'),4
88,88,c'(ab'+a'),4,False,c'(ab'+a'),,,,,,,c'(ab'+a'),4
89,89,c'(ab'+a'),4,False,c'(ab'+a'),,,,,,,c'(ab'+a'),4
90,90,c'(ab'+a'),4,True,c'(ab'+a'),,,,,,,c'(ab'+a'),4
91,91,c'(ab'+a'),4,True,c'(ab'+a'),,,,,,,c'(ab'+a'),4
92,92,c'(ab'+a'),4,False,c'(ab'+a'),,,,,,,c'(ab'+a'),4
93,93,c'(ab'+a'),4,False,c'(ab'+a'),,,,,,,c'(ab'+a'),4
94,94,c'(ab'+a'),4,False,c'(ab'+a'),,,,,,,c'(ab'+a'),4
95,95,c'(ab'+a'),4,False,c'(ab'+a'),,,,,,,c'(ab'+a'),4
96,96,c'(ab'+a'),4,False,c'(ab'+a'),,,,,,,c'(ab'+a'),4
97,97,c'(ab'+a'),4,False,c'(ab'+a'),,,,,,,c'(ab'+a'),4
98,98,c'(ab'+a'),4,True,c'(ab'+a'),,,,,,,c'(ab'+a'),4
99,99,c'(ab'+a'),4,True,c'(ab'+a'),,,,,,,c'(ab'+a'),4
100,100,c'(ab'+a'),4,False,c'(ab'+a'),,,,,,,c'(ab'+a'),4
101,101,c'(ab'+a'),4,True,c'(ab'+a'),,,,,,,c'(ab'+a'),4
102,102,c'(ab'+a'),4,True,c'(ab'+a'),,,,,,,c'(ab'+a'),4
103,103,c'(ab'+a'),4,False,c'(ab'+a'),,,,,,,c'(ab'+a'),4
104,104,c'(ab'+a'),4,False,c'(ab'+a'),,,,,,,c'(ab'+a'),4
105,105,c'(ab'+a'),4,True,c'(ab'+a'),,,,,,,c'(ab'+a'),4
106,106,c'(ab'+a'),4,False,c'(ab'+a'),,,,,,,c'(ab'+a'),4
107,107,c'(ab'+a'),4,False,c'(ab'+a'),,,,,,,c'(ab'+a'),4
108,108,c'(ab'+a'),4,True,c'(ab'+a'),,,,,,,c'(ab'+a'),4
109,109,c'(ab'+a'),4,False,c'(ab'+a'),,,,,,,c'(ab'+a'),4
110,110,c'(ab'+a'),4,True,c'(ab'+a'),,,,,,,c'(ab'+a'),4
111,111,c'(ab'+a'),4,True,c'(ab'+a'),,,,,,,c'(ab'+a'),4
112,112,c'(ab'+a'),4,False,c'(ab'+a'),,,,,,,c'(ab'+a'),4
113,113,c'(ab'+a'),4,False,c'(ab'+a'),,,,,,,c'(ab'+a'),4
114,114,c'(ab'+a'),4,True,c'(ab'+a'),,,,,,,c'(ab'+a'),4
115,115,c'(ab'+a'),4,True,c'(ab'+a'),,,,,,,c'(ab'+a'),4
116,116,c'(ab'+a'),4,False,c'(ab'+a'),,,,,,,c'(ab'+a'),4
117,117,c'(ab'+a'),4,False,c'(ab'+a'),,,,,,,c'(ab'+a'),4
118,118,c'(ab'+a'),4,False,c'(ab'+a'),,,,,,,c'(ab'+a'),4
119,119,c'(ab'+a'),4,False,c'(ab'+a'),,,,,,,c'(ab'+a'),4
120,120,c'(ab'+a'),4,True,c'(ab'+a'),,,,,,,c'(ab'+a'),4
121,121,c'(ab'+a'),4,False,c'(ab'+a'),,,,,,,c'(ab'+a'),4
122,122,c'(ab'+a'),4,False,c'(ab'+a'),,,,,,,c'(ab'+a'),4
123,123,c'(ab'+a'),4,True,c'(ab'+a'),,,,,,,c'(ab'+a'),4
124,124,c'(ab'+a'),4,True,c'(ab'+a'),,,,,,,c'(ab'+a'),4
125,125,c'(ab'+a'),4,False,c'(ab'+a'),,,,,,,c'(ab'+a'),4
126,126,c'(ab'+a'),4,False,c'(ab'+a'),,,,,,,c'(ab'+a'),4
127,127,c'(ab'+a'),4,False,c'(ab'+a'),,,,,,,c'(ab'+a'),4
128,128,c'(ab'+a'),4,False,c'(ab'+a'),,,,,,,c'(ab'+a'),4
129,129,c'(ab'+a'),4,True,c'(ab'+a'),,,,,,,c'(ab'+a'),4
130,130,c'(ab'+a'),4,False,c'(ab'+a'),,,,,,,c'(ab'+a'),4
131,131,c'(ab'+a'),4,False,c'(ab'+a'),,,,,,,c'(ab'+a'),4
132,132,c'(ab'+a'),4,True,c'(ab'+a'),,,,,,,c'(ab'+a'),4
133,133,c'(ab'+a'),4,True,c'(ab'+a'),,,,,,,c'(ab'+a'),4
134,134,c'(ab'+a'),4,True,c'(ab'+a'),,,,,,,c'(ab'+a'),4
135,135,c'(ab'+a'),4,False,c'(ab'+a'),,,,,,,c'(ab'+a'),4
136,136,c'(ab'+a'),4,False,c'(ab'+a'),,,,,,,c'(ab'+a'),4
137,137,c'(ab'+a'),4,False,c'(ab'+a'),,,,,,,c'(ab'+a'),4
138,138,c'(ab'+a'),4,False,c'(ab'+a'),,,,,,,c'(ab'+a'),4
139,139,c'(ab'+a'),4,True,c'(ab'+a'),,,,,,,c'(ab'+a'),4
140,140,c'(ab'+a'),4,False,c'(ab'+a'),,,,,,,c'(ab'+a'),4
141,141,c'(ab'+a'),4,False,c'(ab'+a'),,,,,,,c'(ab'+a'),4
142,142,c'(ab'+a'),4,True,c'(ab'+a'),,,,,,,c'(ab'+a'),4
143,143,c'(ab'+a'),4,False,c'(ab'+a'),,,,,,,c'(ab'+a'),4
144,144,c'(ab'+a'),4,False,c'(ab'+a'),,,,,,,c'(ab'+a'),4
145,145,c'(ab'+a'),4,False,c'(ab'+a'),,,,,,,c'(ab'+a'),4
146,146,c'(ab'+a'),4,False,c'(ab'+a'),,,,,,,c'(ab'+a'),4
147,147,c'(ab'+a'),4,True,c'(ab'+a'),,,,,,,c'(ab'+a'),4
148,148,c'(ab'+a'),4,False,c'(ab'+a'),,,,,,,c'(ab'+a'),4
149,149,c'(ab'+a'),4,False,c'(ab'+a'),,,,,,,c'(ab'+a'),4
150,150,c'(ab'+a'),4,False,c'(ab'+a'),,,,,,,c'(ab'+a'),4
151,151,c'(ab'+a'),4,False,c'(ab'+a'),,,,,,,c'(ab'+a'),4
152,152,c'(ab'+a'),4,True,c'(ab'+a'),,,,,,,c'(ab'+a'),4
153,153,c'(ab'+a'),4,False,c'(ab'+a'),,,,,,,c'(ab'+a'),4
154,154,c'(ab'+a'),4,False,c'(ab'+a'),,,,,,,c'(ab'+a'),4
155,155,c'(ab'+a'),4,False,c'(ab'+a'),,,,,,,c'(ab'+a'),4
156,156,c'(ab'+a'),4,True,c'(ab'+a'),,,,,,,c'(ab'+a'),4
157,157,c'(ab'+a'),4,False,c'(ab'+a'),,,,,,,c'(ab'+a'),4
158,158,c'(ab'+a'),4,False,c'(ab'+a'),,,,,,,c'(ab'+a'),4
159,159,c'(ab'+a'),4,False,c'(ab'+a'),,,,,,,c'(ab'+a'),4
160,160,c'(ab'+a'),4,False,c'(ab'+a'),,,,,,,c'(ab'+a'),4
161,161,c'(ab'+a'),4,False,c'(ab'+a'),,,,,,,c'(ab'+a'),4
162,162,c'(ab'+a'),4,False,c'(ab'+a'),,,,,,,c'(ab'+a'),4
163,163,c'(ab'+a'),4,False,c'(ab'+a'),,,,,,,c'(ab'+a'),4
164,164,c'(ab'+a'),4,False,c'(ab'+a'),,,,,,,c'(ab'+a'),4
165,165,c'(ab'+a'),4,True,c'(ab'+a'),,,,,,,c'(ab'+a'),4
166,166,c'(ab'+a'),4,True,c'(ab'+a'),,,,,,,c'(ab'+a'),4
167,167,c'(ab'+a'),4,True,c'(ab'+a'),,,,,,,c'(ab'+a'),4
168,168,c'(ab'+a'),4,False,c'(ab'+a'),,,,,,,c'(ab'+a'),4
169,169,c'(ab'+a'),4,True,c'(ab'+a'),,,,,,,c'(ab'+a'),4
170,170,c'(ab'+a'),4,False,c'(ab'+a'),,,,,,,c'(ab'+a'),4
171,171,c'(ab'+a'),4,True,c'(ab'+a'),,,,,,,c'(ab'+a'),4
172,172,c'(ab'+a'),4,False,c'(ab'+a'),,,,,,,c'(ab'+a'),4
173,173,c'(ab'+a'),4,True,c'(ab'+a'),,,,,,,c'(ab'+a'),4
174,174,c'(ab'+a'),4,True,c'(ab'+a'),,,,,,,c'(ab'+a'),4
175,175,c'(ab'+a'),4,False,c'(ab'+a'),,,,,,,c'(ab'+a'),4
176,176,c'(ab'+a'),4,True,c'(ab'+a'),,,,,,,c'(ab'+a'),4
177,177,c'(ab'+a'),4,True,c'(ab'+a'),,,,,,,c'(ab'+a'),4
178,178,c'(ab'+a'),4,False,c'(ab'+a'),,,,,,,c'(ab'+a'),4
179,179,c'(ab'+a'),4,True,c'(ab'+a'),,,,,,,c'(ab'+a'),4
180,180,c'(ab'+a'),4,True,c'(ab'+a'),,,,,,,c'(ab'+a'),4
181,181,c'(ab'+a'),4,False,c'(ab'+a'),,,,,,,c'(ab'+a'),4
182,182,c'(ab'+a'),4,True,c'(ab'+a'),,,,,,,c'(ab'+a'),4
183,183,c'(ab'+a'),4,True,c'(ab'+a'),,,,,,,c'(ab'+a'),4
184,184,c'(ab'+a'),4,True,c'(ab'+a'),,,,,,,c'(ab'+a'),4
185,185,c'(ab'+a'),4,False,c'(ab'+a'),,,,,,,c'(ab'+a'),4
186,186,c'(ab'+a'),4,False,c'(ab'+a'),,,,,,,c'(ab'+a'),4
187,187,c'(ab'+a'),4,False,c'(ab'+a'),,,,,,,c'(ab'+a'),4
188,188,c'(ab'+a'),4,True,c'(ab'+a'),,,,,,,c'(ab'+a'),4
189,189,c'(ab'+a'),4,False,c'(ab'+a'),,,,,,,c'(ab'+a'),4
190,190,c'(ab'+a'),4,True,c'(ab'+a'),,,,,,,c'(ab'+a'),4
191,191,c'(ab'+a'),4,True,c'(ab'+a'),,,,,,,c'(ab'+a'),4
192,192,c'(ab'+a'),4,True,c'(ab'+a'),,,,,,,c'(ab'+a'),4
193,193,c'(ab'+a'),4,True,c'(ab'+a'),,,,,,,c'(ab'+a'),4
194,194,c'(ab'+a'),4,True,c'(ab'+a'),,,,,,,c'(ab'+a'),4
195,195,c'(ab'+a'),4,False,c'(ab'+a'),,,,,,,c'(ab'+a'),4
196,196,c'(ab'+a'),4,True,c'(ab'+a'),,,,,,,c'(ab'+a'),4
197,197,c'(ab'+a'),4,False,c'(ab'+a'),,,,,,,c'(ab'+a'),4
198,198,c'(ab'+a'),4,True,c'(ab'+a'),,,,,,,c'(ab'+a'),4
199,199,c'(ab'+a'),4,True,c'(ab'+a'),,,,,,,c'(ab'+a'),4
200,200,c'(ab'+a'),4,False,c'(ab'+a'),,,,,,,c'(ab'+a'),4
201,201,c'(ab'+a'),4,False,c'(ab'+a'),,,,,,,c'(ab'+a'),4
202,202,c'(ab'+a'),4,True,c'(ab'+a'),,,,,,,c'(ab'+a'),4
203,203,c'(ab'+a'),4,False,c'(ab'+a'),,,,,,,c'(ab'+a'),4
204,204,c'(ab'+a'),4,False,c'(ab'+a'),,,,,,,c'(ab'+a'),4
205,205,c'(ab'+a'),4,True,c'(ab'+a'),,,,,,,c'(ab'+a'),4
206,206,c'(ab'+a'),4,False,c'(ab'+a'),,,,,,,c'(ab'+a'),4
207,207,c'(ab'+a'),4,False,c'(ab'+a'),,,,,,,c'(ab'+a'),4
208,208,c'(ab'+a'),4,True,c'(ab'+a'),,,,,,,c'(ab'+a'),4
209,209,c'(ab'+a'),4,True,c'(ab'+a'),,,,,,,c'(ab'+a'),4
210,210,c'(ab'+a'),4,True,c'(ab'+a'),,,,,,,c'(ab'+a'),4
211,211,c'(ab'+a'),4,False,c'(ab'+a'),,,,,,,c'(ab'+a'),4
212,212,c'(ab'+a'),4,False,c'(ab'+a'),,,,,,,c'(ab'+a'),4
213,213,c'(ab'+a'),4,False,c'(ab'+a'),,,,,,,c'(ab'+a'),4
214,214,c'(ab'+a'),4,True,c'(ab'+a'),,,,,,,c'(ab'+a'),4
215,215,c'(ab'+a'),4,False,c'(ab'+a'),,,,,,,c'(ab'+a'),4
216,216,c'(ab'+a'),4,False,c'(ab'+a'),,,,,,,c'(ab'+a'),4
217,217,c'(ab'+a'),4,False,c'(ab'+a'),,,,,,,c'(ab'+a'),4
218,218,c'(ab'+a'),4,True,c'(ab'+a'),,,,,,,c'(ab'+a'),4
219,219,c'(ab'+a'),4,False,c'(ab'+a'),,,,,,,c'(ab'+a'),4
220,220,c'(ab'+a'),4,False,c'(ab'+a'),,,,,,,c'(ab'+a'),4
221,221,c'(ab'+a'),4,False,c'(ab'+a'),,,,,,,c'(ab'+a'),4
222,222,c'(ab'+a'),4,True,c'(ab'+a'),,,,,,,c'(ab'+a'),4
223,223,c'(ab'+a'),4,False,c'(ab'+a'),,,,,,,c'(ab'+a'),4
224,224,c'(ab'+a'),4,True,c'(ab'+a'),,,,,,,c'(ab'+a'),4
225,225,c'(ab'+a'),4,False,c'(ab'+a'),,,,,,,c'(ab'+a'),4
226,226,c'(ab'+a'),4,True,c'(ab'+a'),,,,,,,c'(ab'+a'),4
227,227,c'(ab'+a'),4,True,c'(ab'+a'),,,,,,,c'(ab'+a'),4
228,228,c'(ab'+a'),4,True,c'(ab'+a'),,,,,,,c'(ab'+a'),4
229,229,c'(ab'+a'),4,False,c'(ab'+a'),,,,,,,c'(ab'+a'),4
230,230,c'(ab'+a'),4,False,c'(ab'+a'),,,,,,,c'(ab'+a'),4
231,231,c'(ab'+a'),4,False,c'(ab'+a'),,,,,,,c'(ab'+a'),4
232,232,c'(ab'+a'),4,False,c'(ab'+a'),,,,,,,c'(ab'+a'),4
233,233,c'(ab'+a'),4,False,c'(ab'+a'),,,,,,,c'(ab'+a'),4
234,234,c'(ab'+a'),4,False,c'(ab'+a'),,,,,,,c'(ab'+a'),4
235,235,c'(ab'+a'),4,False,c'(ab'+a'),,,,,,,c'(ab'+a'),4
236,236,c'(ab'+a'),4,True,c'(ab'+a'),,,,,,,c'(ab'+a'),4
237,237,c'(ab'+a'),4,True,c'(ab'+a'),,,,,,,c'(ab'+a'),4
238,238,c'(ab'+a'),4,True,c'(ab'+a'),,,,,,,c'(ab'+a'),4
239,239,c'(ab'+a'),4,False,c'(ab'+a'),,,,,,,c'(ab'+a'),4
240,240,c'(ab'+a'),4,False,c'(ab'+a'),,,,,,,c'(ab'+a'),4
241,241,c'(ab'+a'),4,False,c'(ab'+a'),,,,,,,c'(ab'+a'),4
242,242,c'(ab'+a'),4,True,c'(ab'+a'),,,,,,,c'(ab'+a'),4
243,243,c'(ab'+a'),4,True,c'(ab'+a'),,,,,,,c'(ab'+a'),4
244,244,c'(ab'+a'),4,False,c'(ab'+a'),,,,,,,c'(ab'+a'),4
245,245,c'(ab'+a'),4,True,c'(ab'+a'),,,,,,,c'(ab'+a'),4
246,246,c'(ab'+a'),4,False,c'(ab'+a'),,,,,,,c'(ab'+a'),4
247,247,c'(ab'+a'),4,True,c'(ab'+a'),,,,,,,c'(ab'+a'),4
248,248,c'(ab'+a'),4,True,c'(ab'+a'),,,,,,,c'(ab'+a'),4
249,249,c'(ab'+a'),4,True,c'(ab'+a'),,,,,,,c'(ab'+a'),4
250,250,c'(ab'+a'),4,True,c'(ab'+a'),,,,,,,c'(ab'+a'),4
251,251,c'(ab'+a'),4,True,c'(ab'+a'),,,,,,,c'(ab'+a'),4
252,252,c'(ab'+a'),4,False,c'(ab'+a'),,,,,,,c'(ab'+a'),4
253,253,c'(ab'+a'),4,True,c'(ab'+a'),,,,,,,c'(ab'+a'),4
254,254,c'(ab'+a'),4,False,c'(ab'+a'),,,,,,,c'(ab'+a'),4
255,255,c'(ab'+a'),4,False,c'(ab'+a'),,,,,,,c'(ab'+a'),4
256,256,c'(ab'+a'),4,False,c'(ab'+a'),,,,,,,c'(ab'+a'),4
257,257,c'(ab'+a'),4,False,c'(ab'+a'),,,,,,,c'(ab'+a'),4
258,258,c'(ab'+a'),4,True,c'(ab'+a'),,,,,,,c'(ab'+a'),4
259,259,c'(ab'+a'),4,False,c'(ab'+a'),,,,,,,c'(ab'+a'),4
260,260,c'(ab'+a'),4,True,c'(ab'+a'),,,,,,,c'(ab'+a'),4
261,261,c'(ab'+a'),4,True,c'(ab'+a'),,,,,,,c'(ab'+a'),4
262,262,c'(ab'+a'),4,False,c'(ab'+a'),,,,,,,c'(ab'+a'),4
263,263,c'(ab'+a'),4,False,c'(ab'+a'),,,,,,,c'(ab'+a'),4
264,264,c'(ab'+a'),4,False,c'(ab'+a'),,,,,,,c'(ab'+a'),4
265,265,c'(ab'+a'),4,False,c'(ab'+a'),,,,,,,c'(ab'+a'),4
266,266,c'(ab'+a'),4,False,c'(ab'+a'),,,,,,,c'(ab'+a'),4
267,267,c'(ab'+a'),4,True,c'(ab'+a'),,,,,,,c'(ab'+a'),4
268,268,c'(ab'+a'),4,False,c'(ab'+a'),,,,,,,c'(ab'+a'),4
269,269,c'(ab'+a'),4,False,c'(ab'+a'),,,,,,,c'(ab'+a'),4
270,270,c'(ab'+a'),4,True,c'(ab'+a'),,,,,,,c'(ab'+a'),4
271,271,c'(ab'+a'),4,False,c'(ab'+a'),,,,,,,c'(ab'+a'),4
272,272,c'(ab'+a'),4,True,c'(ab'+a'),,,,,,,c'(ab'+a'),4
273,273,c'(ab'+a'),4,False,c'(ab'+a'),,,,,,,c'(ab'+a'),4
274,274,c'(ab'+a'),4,False,c'(ab'+a'),,,,,,,c'(ab'+a'),4
275,275,c'(ab'+a'),4,True,c'(ab'+a'),,,,,,,c'(ab'+a'),4
276,276,c'(ab'+a'),4,False,c'(ab'+a'),,,,,,,c'(ab'+a'),4
277,277,c'(ab'+a'),4,True,c'(ab'+a'),,,,,,,c'(ab'+a'),4
278,278,c'(ab'+a'),4,True,c'(ab'+a'),,,,,,,c'(ab'+a'),4
279,279,c'(ab'+a'),4,False,c'(ab'+a'),,,,,,,c'(ab'+a'),4
280,280,c'(ab'+a'),4,True,c'(ab'+a'),,,,,,,c'(ab'+a'),4
281,281,c'(ab'+a'),4,True,c'(ab'+a'),,,,,,,c'(ab'+a'),4
282,282,c'(ab'+a'),4,False,c'(ab'+a'),,,,,,,c'(ab'+a'),4
283,283,c'(ab'+a'),4,True,c'(ab'+a'),,,,,,,c'(ab'+a'),4
284,284,c'(ab'+a'),4,False,c'(ab'+a'),,,,,,,c'(ab'+a'),4
285,285,c'(ab'+a'),4,False,c'(ab'+a'),,,,,,,c'(ab'+a'),4
286,286,c'(ab'+a'),4,False,c'(ab'+a'),,,,,,,c'(ab'+a'),4
287,287,c'(ab'+a'),4,True,c'(ab'+a'),,,,,,,c'(ab'+a'),4
288,288,c'(ab'+a'),4,True,c'(ab'+a'),,,,,,,c'(ab'+a'),4
289,289,c'(ab'+a'),4,True,c'(ab'+a'),,,,,,,c'(ab'+a'),4
290,290,c'(ab'+a'),4,True,c'(ab'+a'),,,,,,,c'(ab'+a'),4
291,291,c'(ab'+a'),4,False,c'(ab'+a'),,,,,,,c'(ab'+a'),4
292,292,c'(ab'+a'),4,False,c'(ab'+a'),,,,,,,c'(ab'+a'),4
293,293,c'(ab'+a'),4,False,c'(ab'+a'),,,,,,,c'(ab'+a'),4
294,294,c'(ab'+a'),4,False,c'(ab'+a'),,,,,,,c'(ab'+a'),4
295,295,c'(ab'+a'),4,True,c'(ab'+a'),,,,,,,c'(ab'+a'),4
296,296,c'(ab'+a'),4,False,c'(ab'+a'),,,,,,,c'(ab'+a'),4
297,297,c'(ab'+a'),4,False,c'(ab'+a'),,,,,,,c'(ab'+a'),4
298,298,c'(ab'+a'),4,True,c'(ab'+a'),,,,,,,c'(ab'+a'),4
299,299,c'(ab'+a'),4,False,c'(ab'+a'),,,,,,,c'(ab'+a'),4
300,300,c'(ab'+a'),4,False,c'(ab'+a'),,,,,,,c'(ab'+a'),4
301,301,c'(ab'+a'),4,False,c'(ab'+a'),,,,,,,c'(ab'+a'),4
302,302,c'(ab'+a'),4,False,c'(ab'+a'),,,,,,,c'(ab'+a'),4
303,303,c'(ab'+a'),4,True,c'(ab'+a'),,,,,,,c'(ab'+a'),4
304,304,c'(ab'+a'),4,False,c'(ab'+a'),,,,,,,c'(ab'+a'),4
305,305,c'(ab'+a'),4,True,c'(ab'+a'),,,,,,,c'(ab'+a'),4
306,306,c'(ab'+a'),4,False,c'(ab'+a'),,,,,,,c'(ab'+a'),4
307,307,c'(ab'+a'),4,False,c'(ab'+a'),,,,,,,c'(ab'+a'),4
308,308,c'(ab'+a'),4,False,c'(ab'+a'),,,,,,,c'(ab'+a'),4
309,309,c'(ab'+a'),4,False,c'(ab'+a'),,,,,,,c'(ab'+a'),4
310,310,c'(ab'+a'),4,True,c'(ab'+a'),,,,,,,c'(ab'+a'),4
311,311,c'(ab'+a'),4,False,c'(ab'+a'),,,,,,,c'(ab'+a'),4
312,312,c'(ab'+a'),4,False,c'(ab'+a'),,,,,,,c'(ab'+a'),4
313,313,c'(ab'+a'),4,False,c'(ab'+a'),,,,,,,c'(ab'+a'),4
314,314,c'(ab'+a'),4,True,c'(ab'+a'),,,,,,,c'(ab'+a'),4
315,315,c'(ab'+a'),4,False,c'(ab'+a'),,,,,,,c'(ab'+a'),4
316,316,c'(ab'+a'),4,False,c'(ab'+a'),,,,,,,c'(ab'+a'),4
317,317,c'(ab'+a'),4,False,c'(ab'+a'),,,,,,,c'(ab'+a'),4
318,318,c'(ab'+a'),4,False,c'(ab'+a'),,,,,,,c'(ab'+a'),4
319,319,c'(ab'+a'),4,True,c'(ab'+a'),,,,,,,c'(ab'+a'),4
320,320,c'(ab'+a'),4,False,c'(ab'+a'),,,,,,,c'(ab'+a'),4
321,321,c'(ab'+a'),4,True,c'(ab'+a'),,,,,,,c'(ab'+a'),4
322,322,c'(ab'+a'),4,True,c'(ab'+a'),,,,,,,c'(ab'+a'),4
323,323,c'(ab'+a'),4,False,c'(ab'+a'),,,,,,,c'(ab'+a'),4
324,324,c'(ab'+a'),4,False,c'(ab'+a'),,,,,,,c'(ab'+a'),4
325,325,c'(ab'+a'),4,True,c'(ab'+a'),,,,,,,c'(ab'+a'),4
326,326,c'(ab'+a'),4,False,c'(ab'+a'),,,,,,,c'(ab'+a'),4
327,327,c'(ab'+a'),4,False,c'(ab'+a'),,,,,,,c'(ab'+a'),4
328,328,c'(ab'+a'),4,False,c'(ab'+a'),,,,,,,c'(ab'+a'),4
329,329,c'(ab'+a'),4,False,c'(ab'+a'),,,,,,,c'(ab'+a'),4
330,330,c'(ab'+a'),4,False,c'(ab'+a'),,,,,,,c'(ab'+a'),4
331,331,c'(ab'+a'),4,False,c'(ab'+a'),,,,,,,c'(ab'+a'),4
332,332,c'(ab'+a'),4,True,c'(ab'+a'),,,,,,,c'(ab'+a'),4
333,333,c'(ab'+a'),4,False,c'(ab'+a'),,,,,,,c'(ab'+a'),4
334,334,c'(ab'+a'),4,False,c'(ab'+a'),,,,,,,c'(ab'+a'),4
335,335,c'(ab'+a'),4,False,c'(ab'+a'),,,,,,,c'(ab'+a'),4
336,336,c'(ab'+a'),4,True,c'(ab'+a'),,,,,,,c'(ab'+a'),4
337,337,c'(ab'+a'),4,True,c'(ab'+a'),,,,,,,c'(ab'+a'),4
338,338,c'(ab'+a'),4,False,c'(ab'+a'),,,,,,,c'(ab'+a'),4
339,339,c'(ab'+a'),4,True,c'(ab'+a'),,,,,,,c'(ab'+a'),4
340,340,c'(ab'+a'),4,True,c'(ab'+a'),,,,,,,c'(ab'+a'),4
341,341,c'(ab'+a'),4,False,c'(ab'+a'),,,,,,,c'(ab'+a'),4
342,342,c'(ab'+a'),4,True,c'(ab'+a'),,,,,,,c'(ab'+a'),4
343,343,c'(ab'+a'),4,False,c'(ab'+a'),,,,,,,c'(ab'+a'),4
344,344,c'(ab'+a'),4,True,c'(ab'+a'),,,,,,,c'(ab'+a'),4
345,345,c'(ab'+a'),4,False,c'(ab'+a'),,,,,,,c'(ab'+a'),4
346,346,c'(ab'+a'),4,False,c'(ab'+a'),,,,,,,c'(ab'+a'),4
347,347,c'(ab'+a'),4,True,c'(ab'+a'),,,,,,,c'(ab'+a'),4
348,348,c'(ab'+a'),4,False,c'(ab'+a'),,,,,,,c'(ab'+a'),4
349,349,c'(ab'+a'),4,True,c'(ab'+a'),,,,,,,c'(ab'+a'),4
350,350,c'(ab'+a'),4,True,c'(ab'+a'),,,,,,,c'(ab'+a'),4
351,351,c'(ab'+a'),4,False,c'(ab'+a'),,,,,,,c'(ab'+a'),4
352,352,c'(ab'+a'),4,False,c'(ab'+a'),,,,,,,c'(ab'+a'),4
353,353,c'(ab'+a'),4,False,c'(ab'+a'),,,,,,,c'(ab'+a'),4
354,354,c'(ab'+a'),4,False,c'(ab'+a'),,,,,,,c'(ab'+a'),4
355,355,c'(ab'+a'),4,False,c'(ab'+a'),,,,,,,c'(ab'+a'),4
356,356,c'(ab'+a'),4,False,c'(ab'+a'),,,,,,,c'(ab'+a'),4
357,357,c'(ab'+a'),4,True,c'(ab'+a'),,,,,,,c'(ab'+a'),4
358,358,c'(ab'+a'),4,False,c'(ab'+a'),,,,,,,c'(ab'+a'),4
359,359,c'(ab'+a'),4,True,c'(ab'+a'),,,,,,,c'(ab'+a'),4
360,360,c'(ab'+a'),4,True,c'(ab'+a'),,,,,,,c'(ab'+a'),4
361,361,c'(ab'+a'),4,False,c'(ab'+a'),,,,,,,c'(ab'+a'),4
362,362,c'(ab'+a'),4,True,c'(ab'+a'),,,,,,,c'(ab'+a'),4
363,363,c'(ab'+a'),4,False,c'(ab'+a'),,,,,,,c'(ab'+a'),4
364,364,c'(ab'+a'),4,False,c'(ab'+a'),,,,,,,c'(ab'+a'),4
365,365,c'(ab'+a'),4,True,c'(ab'+a'),,,,,,,c'(ab'+a'),4
366,366,c'(ab'+a'),4,False,c'(ab'+a'),,,,,,,c'(ab'+a'),4
367,367,c'(ab'+a'),4,False,c'(ab'+a'),,,,,,,c'(ab'+a'),4
368,368,c'(ab'+a'),4,True,c'(ab'+a'),,,,,,,c'(ab'+a'),4
369,369,c'(ab'+a'),4,False,c'(ab'+a'),,,,,,,c'(ab'+a'),4
370,370,c'(ab'+a'),4,False,c'(ab'+a'),,,,,,,c'(ab'+a'),4
371,371,c'(ab'+a'),4,False,c'(ab'+a'),,,,,,,c'(ab'+a'),4
372,372,c'(ab'+a'),4,False,c'(ab'+a'),,,,,,,c'(ab'+a'),4
373,373,c'(ab'+a'),4,False,c'(ab'+a'),,,,,,,c'(ab'+a'),4
374,374,c'(ab'+a'),4,False,c'(ab'+a'),,,,,,,c'(ab'+a'),4
375,375,c'(ab'+a'),4,False,c'(ab'+a'),,,,,,,c'(ab'+a'),4
376,376,c'(ab'+a'),4,False,c'(ab'+a'),,,,,,,c'(ab'+a'),4
377,377,c'(ab'+a'),4,False,c'(ab'+a'),,,,,,,c'(ab'+a'),4
378,378,c'(ab'+a'),4,False,c'(ab'+a'),,,,,,,c'(ab'+a'),4
379,379,c'(ab'+a'),4,True,c'(ab'+a'),,,,,,,c'(ab'+a'),4
380,380,c'(ab'+a'),4,False,c'(ab'+a'),,,,,,,c'(ab'+a'),4
381,381,c'(ab'+a'),4,False,c'(ab'+a'),,,,,,,c'(ab'+a'),4
382,382,c'(ab'+a'),4,False,c'(ab'+a'),,,,,,,c'(ab'+a'),4
383,383,c'(ab'+a'),4,True,c'(ab'+a'),,,,,,,c'(ab'+a'),4
384,384,c'(ab'+a'),4,False,c'(ab'+a'),,,,,,,c'(ab'+a'),4
385,385,c'(ab'+a'),4,True,c'(ab'+a'),,,,,,,c'(ab'+a'),4
386,386,c'(ab'+a'),4,True,c'(ab'+a'),,,,,,,c'(ab'+a'),4
387,387,c'(ab'+a'),4,False,c'(ab'+a'),,,,,,,c'(ab'+a'),4
388,388,c'(ab'+a'),4,False,c'(ab'+a'),,,,,,,c'(ab'+a'),4
389,389,c'(ab'+a'),4,False,c'(ab'+a'),,,,,,,c'(ab'+a'),4
390,390,c'(ab'+a'),4,False,c'(ab'+a'),,,,,,,c'(ab'+a'),4
391,391,c'(ab'+a'),4,True,c'(ab'+a'),,,,,,,c'(ab'+a'),4
392,392,c'(ab'+a'),4,False,c'(ab'+a'),,,,,,,c'(ab'+a'),4
393,393,c'(ab'+a'),4,True,c'(ab'+a'),,,,,,,c'(ab'+a'),4
394,394,c'(ab'+a'),4,False,c'(ab'+a'),,,,,,,c'(ab'+a'),4
395,395,c'(ab'+a'),4,False,c'(ab'+a'),,,,,,,c'(ab'+a'),4
396,396,c'(ab'+a'),4,True,c'(ab'+a'),,,,,,,c'(ab'+a'),4
397,397,c'(ab'+a'),4,False,c'(ab'+a'),,,,,,,c'(ab'+a'),4
398,398,c'(ab'+a'),4,False,c'(ab'+a'),,,,,,,c'(ab'+a'),4
399,399,c'(ab'+a'),4,False,c'(ab'+a'),,,,,,,c'(ab'+a'),4
400,400,c'(ab'+a'),4,False,c'(ab'+a'),,,,,,,c'(ab'+a'),4
401,401,c'(ab'+a'),4,True,c'(ab'+a'),,,,,,,c'(ab'+a'),4
402,402,c'(ab'+a'),4,False,c'(ab'+a'),,,,,,,c'(ab'+a'),4
403,403,c'(ab'+a'),4,False,c'(ab'+a'),,,,,,,c'(ab'+a'),4
404,404,c'(ab'+a'),4,False,c'(ab'+a'),,,,,,,c'(ab'+a'),4
405,405,c'(ab'+a'),4,False,c'(ab'+a'),,,,,,,c'(ab'+a'),4
406,406,c'(ab'+a'),4,False,c'(ab'+a'),,,,,,,c'(ab'+a'),4
407,407,c'(ab'+a'),4,False,c'(ab'+a'),,,,,,,c'(ab'+a'),4
408,408,c'(ab'+a'),4,True,c'(ab'+a'),,,,,,,c'(ab'+a'),4
409,409,c'(ab'+a'),4,False,c'(ab'+a'),,,,,,,c'(ab'+a'),4
410,410,c'(ab'+a'),4,True,c'(ab'+a'),,,,,,,c'(ab'+a'),4
411,411,c'(ab'+a'),4,False,c'(ab'+a'),,,,,,,c'(ab'+a'),4
412,412,c'(ab'+a'),4,False,c'(ab'+a'),,,,,,,c'(ab'+a'),4
413,413,c'(ab'+a'),4,False,c'(ab'+a'),,,,,,,c'(ab'+a'),4
414,414,c'(ab'+a'),4,True,c'(ab'+a'),,,,,,,c'(ab'+a'),4
415,415,c'(ab'+a'),4,False,c'(ab'+a'),,,,,,,c'(ab'+a'),4
416,416,c'(ab'+a'),4,True,c'(ab'+a'),,,,,,,c'(ab'+a'),4
417,417,c'(ab'+a'),4,True,c'(ab'+a'),,,,,,,c'(ab'+a'),4
418,418,c'(ab'+a'),4,True,c'(ab'+a'),,,,,,,c'(ab'+a'),4
419,419,c'(ab'+a'),4,True,c'(ab'+a'),,,,,,,c'(ab'+a'),4
420,420,c'(ab'+a'),4,False,c'(ab'+a'),,,,,,,c'(ab'+a'),4
421,421,c'(ab'+a'),4,False,c'(ab'+a'),,,,,,,c'(ab'+a'),4
422,422,c'(ab'+a'),4,True,c'(ab'+a'),,,,,,,c'(ab'+a'),4
423,423,c'(ab'+a'),4,False,c'(ab'+a'),,,,,,,c'(ab'+a'),4
424,424,c'(ab'+a'),4,True,c'(ab'+a'),,,,,,,c'(ab'+a'),4
425,425,c'(ab'+a'),4,True,c'(ab'+a'),,,,,,,c'(ab'+a'),4
426,426,c'(ab'+a'),4,False,c'(ab'+a'),,,,,,,c'(ab'+a'),4
427,427,c'(ab'+a'),4,False,c'(ab'+a'),,,,,,,c'(ab'+a'),4
428,428,c'(ab'+a'),4,True,c'(ab'+a'),,,,,,,c'(ab'+a'),4
429,429,c'(ab'+a'),4,False,c'(ab'+a'),,,,,,,c'(ab'+a'),4
430,430,c'(ab'+a'),4,False,c'(ab'+a'),,,,,,,c'(ab'+a'),4
431,431,c'(ab'+a'),4,True,c'(ab'+a'),,,,,,,c'(ab'+a'),4
432,432,c'(ab'+a'),4,False,c'(ab'+a'),,,,,,,c'(ab'+a'),4
433,433,c'(ab'+a'),4,False,c'(ab'+a'),,,,,,,c'(ab'+a'),4
434,434,c'(ab'+a'),4,False,c'(ab'+a'),,,,,,,c'(ab'+a'),4
435,435,c'(ab'+a'),4,True,c'(ab'+a'),,,,,,,c'(ab'+a'),4
436,436,c'(ab'+a'),4,True,c'(ab'+a'),,,,,,,c'(ab'+a'),4
437,437,c'(ab'+a'),4,False,c'(ab'+a'),,,,,,,c'(ab'+a'),4
438,438,c'(ab'+a'),4,False,c'(ab'+a'),,,,,,,c'(ab'+a'),4
439,439,c'(ab'+a'),4,True,c'(ab'+a'),,,,,,,c'(ab'+a'),4
440,440,c'(ab'+a'),4,True,c'(ab'+a'),,,,,,,c'(ab'+a'),4
441,441,c'(ab'+a'),4,False,c'(ab'+a'),,,,,,,c'(ab'+a'),4
442,442,c'(ab'+a'),4,False,c'(ab'+a'),,,,,,,c'(ab'+a'),4
443,443,c'(ab'+a'),4,False,c'(ab'+a'),,,,,,,c'(ab'+a'),4
444,444,c'(ab'+a'),4,True,c'(ab'+a'),,,,,,,c'(ab'+a'),4
445,445,c'(ab'+a'),4,True,c'(ab'+a'),,,,,,,c'(ab'+a'),4
446,446,c'(ab'+a'),4,True,c'(ab'+a'),,,,,,,c'(ab'+a'),4
447,447,c'(ab'+a'),4,False,c'(ab'+a'),,,,,,,c'(ab'+a'),4
448,448,c'(ab'+a'),4,False,c'(ab'+a'),,,,,,,c'(ab'+a'),4
449,449,c'(ab'+a'),4,False,c'(ab'+a'),,,,,,,c'(ab'+a'),4
450,450,c'(ab'+a'),4,True,c'(ab'+a'),,,,,,,c'(ab'+a'),4
451,451,c'(ab'+a'),4,False,c'(ab'+a'),,,,,,,c'(ab'+a'),4
452,452,c'(ab'+a'),4,False,c'(ab'+a'),,,,,,,c'(ab'+a'),4
453,453,c'(ab'+a'),4,True,c'(ab'+a'),,,,,,,c'(ab'+a'),4
454,454,c'(ab'+a'),4,True,c'(ab'+a'),,,,,,,c'(ab'+a'),4
455,455,c'(ab'+a'),4,True,c'(ab'+a'),,,,,,,c'(ab'+a'),4
456,456,c'(ab'+a'),4,False,c'(ab'+a'),,,,,,,c'(ab'+a'),4
457,457,c'(ab'+a'),4,True,c'(ab'+a'),,,,,,,c'(ab'+a'),4
458,458,c'(ab'+a'),4,True,c'(ab'+a'),,,,,,,c'(ab'+a'),4
459,459,c'(ab'+a'),4,False,c'(ab'+a'),,,,,,,c'(ab'+a'),4
460,460,c'(ab'+a'),4,False,c'(ab'+a'),,,,,,,c'(ab'+a'),4
461,461,c'(ab'+a'),4,False,c'(ab'+a'),,,,,,,c'(ab'+a'),4
462,462,c'(ab'+a'),4,True,c'(ab'+a'),,,,,,,c'(ab'+a'),4
463,463,c'(ab'+a'),4,True,c'(ab'+a'),,,,,,,c'(ab'+a'),4
464,464,c'(ab'+a'),4,False,c'(ab'+a'),,,,,,,c'(ab'+a'),4
465,465,c'(ab'+a'),4,False,c'(ab'+a'),,,,,,,c'(ab'+a'),4
466,466,c'(ab'+a'),4,True,c'(ab'+a'),,,,,,,c'(ab'+a'),4
467,467,c'(ab'+a'),4,False,c'(ab'+a'),,,,,,,c'(ab'+a'),4
468,468,c'(ab'+a'),4,False,c'(ab'+a'),,,,,,,c'(ab'+a'),4
469,469,c'(ab'+a'),4,False,c'(ab'+a'),,,,,,,c'(ab'+a'),4
470,470,c'(ab'+a'),4,False,c'(ab'+a'),,,,,,,c'(ab'+a'),4
471,471,c'(ab'+a'),4,True,c'(ab'+a'),,,,,,,c'(ab'+a'),4
472,472,c'(ab'+a'),4,True,c'(ab'+a'),,,,,,,c'(ab'+a'),4
473,473,c'(ab'+a'),4,True,c'(ab'+a'),,,,,,,c'(ab'+a'),4
474,474,c'(ab'+a'),4,True,c'(ab'+a'),,,,,,,c'(ab'+a'),4
475,475,c'(ab'+a'),4,False,c'(ab'+a'),,,,,,,c'(ab'+a'),4
476,476,c'(ab'+a'),4,False,c'(ab'+a'),,,,,,,c'(ab'+a'),4
477,477,c'(ab'+a'),4,True,c'(ab'+a'),,,,,,,c'(ab'+a'),4
478,478,c'(ab'+a'),4,False,c'(ab'+a'),,,,,,,c'(ab'+a'),4
479,479,c'(ab'+a'),4,False,c'(ab'+a'),,,,,,,c'(ab'+a'),4
480,480,c'(ab'+a'),4,False,c'(ab'+a'),,,,,,,c'(ab'+a'),4
481,481,c'(ab'+a'),4,True,c'(ab'+a'),,,,,,,c'(ab'+a'),4
482,482,c'(ab'+a'),4,True,c'(ab'+a'),,,,,,,c'(ab'+a'),4
483,483,c'(ab'+a'),4,True,c'(ab'+a'),,,,,,,c'(ab'+a'),4
484,484,c'(ab'+a'),4,False,c'(ab'+a'),,,,,,,c'(ab'+a'),4
485,485,c'(ab'+a'),4,False,c'(ab'+a'),,,,,,,c'(ab'+a'),4
486,486,c'(ab'+a'),4,False,c'(ab'+a'),,,,,,,c'(ab'+a'),4
487,487,c'(ab'+a'),4,True,c'(ab'+a'),,,,,,,c'(ab'+a'),4
488,488,c'(ab'+a'),4,True,c'(ab'+a'),,,,,,,c'(ab'+a'),4
489,489,c'(ab'+a'),4,False,c'(ab'+a'),,,,,,,c'(ab'+a'),4
490,490,c'(ab'+a'),4,False,c'(ab'+a'),,,,,,,c'(ab'+a'),4
491,491,c'(ab'+a'),4,False,c'(ab'+a'),,,,,,,c'(ab'+a'),4
492,492,c'(ab'+a'),4,False,c'(ab'+a'),,,,,,,c'(ab'+a'),4
493,493,c'(ab'+a'),4,True,c'(ab'+a'),,,,,,,c'(ab'+a'),4
494,494,c'(ab'+a'),4,False,c'(ab'+a'),,,,,,,c'(ab'+a'),4
495,495,c'(ab'+a'),4,False,c'(ab'+a'),,,,,,,c'(ab'+a'),4
496,496,c'(ab'+a'),4,True,c'(ab'+a'),,,,,,,c'(ab'+a'),4
497,497,c'(ab'+a'),4,True,c'(ab'+a'),,,,,,,c'(ab'+a'),4
498,498,c'(ab'+a'),4,True,c'(ab'+a'),,,,,,,c'(ab'+a'),4
499,499,c'(ab'+a'),4,False,c'(ab'+a'),,,,,,,c'(ab'+a'),4
500,500,c'(ab'+a'),4,False,c'(ab'+a'),,,,,,,c'(ab'+a'),4
501,501,c'(ab'+a'),4,False,c'(ab'+a'),,,,,,,c'(ab'+a'),4
502,502,c'(ab'+a'),4,False,c'(ab'+a'),,,,,,,c'(ab'+a'),4
503,503,c'(ab'+a'),4,True,c'(ab'+a'),,,,,,,c'(ab'+a'),4
504,504,c'(ab'+a'),4,False,c'(ab'+a'),,,,,,,c'(ab'+a'),4
505,505,c'(ab'+a'),4,True,c'(ab'+a'),,,,,,,c'(ab'+a'),4
506,506,c'(ab'+a'),4,False,c'(ab'+a'),,,,,,,c'(ab'+a'),4
507,507,c'(ab'+a'),4,False,c'(ab'+a'),,,,,,,c'(ab'+a'),4
508,508,c'(ab'+a'),4,False,c'(ab'+a'),,,,,,,c'(ab'+a'),4
509,509,c'(ab'+a'),4,False,c'(ab'+a'),,,,,,,c'(ab'+a'),4
510,510,c'(ab'+a'),4,False,c'(ab'+a'),,,,,,,c'(ab'+a'),4
511,511,c'(ab'+a'),4,False,c'(ab'+a'),,,,,,,c'(ab'+a'),4
512,512,c'(ab'+a'),4,False,c'(ab'+a'),,,,,,,c'(ab'+a'),4
513,513,c'(ab'+a'),4,True,c'(ab'+a'),,,,,,,c'(ab'+a'),4
514,514,c'(ab'+a'),4,True,c'(ab'+a'),,,,,,,c'(ab'+a'),4
515,515,c'(ab'+a'),4,True,c'(ab'+a'),,,,,,,c'(ab'+a'),4
516,516,c'(ab'+a'),4,False,c'(ab'+a'),,,,,,,c'(ab'+a'),4
517,517,c'(ab'+a'),4,False,c'(ab'+a'),,,,,,,c'(ab'+a'),4
518,518,c'(ab'+a'),4,True,c'(ab'+a'),,,,,,,c'(ab'+a'),4
519,519,c'(ab'+a'),4,False,c'(ab'+a'),,,,,,,c'(ab'+a'),4
520,520,c'(ab'+a'),4,True,c'(ab'+a'),,,,,,,c'(ab'+a'),4
521,521,c'(ab'+a'),4,False,c'(ab'+a'),,,,,,,c'(ab'+a'),4
522,522,c'(ab'+a'),4,False,c'(ab'+a'),,,,,,,c'(ab'+a'),4
523,523,c'(ab'+a'),4,True,c'(ab'+a'),,,,,,,c'(ab'+a'),4
524,524,c'(ab'+a'),4,True,c'(ab'+a'),,,,,,,c'(ab'+a'),4
525,525,c'(ab'+a'),4,False,c'(ab'+a'),,,,,,,c'(ab'+a'),4
526,526,c'(ab'+a'),4,False,c'(ab'+a'),,,,,,,c'(ab'+a'),4
527,527,c'(ab'+a'),4,False,c'(ab'+a'),,,,,,,c'(ab'+a'),4
528,528,c'(ab'+a'),4,False,c'(ab'+a'),,,,,,,c'(ab'+a'),4
529,529,c'(ab'+a'),4,False,c'(ab'+a'),,,,,,,c'(ab'+a'),4
530,530,c'(ab'+a'),4,False,c'(ab'+a'),,,,,,,c'(ab'+a'),4
531,531,c'(ab'+a'),4,False,c'(ab'+a'),,,,,,,c'(ab'+a'),4
532,532,c'(ab'+a'),4,False,c'(ab'+a'),,,,,,,c'(ab'+a'),4
533,533,c'(ab'+a'),4,True,c'(ab'+a'),,,,,,,c'(ab'+a'),4
534,534,c'(ab'+a'),4,True,c'(ab'+a'),,,,,,,c'(ab'+a'),4
535,535,c'(ab'+a'),4,False,c'(ab'+a'),,,,,,,c'(ab'+a'),4
536,536,c'(ab'+a'),4,False,c'(ab'+a'),,,,,,,c'(ab'+a'),4
537,537,c'(ab'+a'),4,False,c'(ab'+a'),,,,,,,c'(ab'+a'),4
538,538,c'(ab'+a'),4,False,c'(ab'+a'),,,,,,,c'(ab'+a'),4
539,539,c'(ab'+a'),4,True,c'(ab'+a'),,,,,,,c'(ab'+a'),4
540,540,c'(ab'+a'),4,False,c'(ab'+a'),,,,,,,c'(ab'+a'),4
541,541,c'(ab'+a'),4,True,c'(ab'+a'),,,,,,,c'(ab'+a'),4
542,542,c'(ab'+a'),4,False,c'(ab'+a'),,,,,,,c'(ab'+a'),4
543,543,c'(ab'+a'),4,True,c'(ab'+a'),,,,,,,c'(ab'+a'),4
544,544,c'(ab'+a'),4,False,c'(ab'+a'),,,,,,,c'(ab'+a'),4
545,545,c'(ab'+a'),4,False,c'(ab'+a'),,,,,,,c'(ab'+a'),4
546,546,c'(ab'+a'),4,False,c'(ab'+a'),,,,,,,c'(ab'+a'),4
547,547,c'(ab'+a'),4,False,c'(ab'+a'),,,,,,,c'(ab'+a'),4
548,548,c'(ab'+a'),4,True,c'(ab'+a'),,,,,,,c'(ab'+a'),4
549,549,c'(ab'+a'),4,False,c'(ab'+a'),,,,,,,c'(ab'+a'),4
550,550,c'(ab'+a'),4,False,c'(ab'+a'),,,,,,,c'(ab'+a'),4
551,551,c'(ab'+a'),4,False,c'(ab'+a'),,,,,,,c'(ab'+a'),4
552,552,c'(ab'+a'),4,True,c'(ab'+a'),,,,,,,c'(ab'+a'),4
553,553,c'(ab'+a'),4,False,c'(ab'+a'),,,,,,,c'(ab'+a'),4
554,554,c'(ab'+a'),4,True,c'(ab'+a'),,,,,,,c'(ab'+a'),4
555,555,c'(ab'+a'),4,False,c'(ab'+a'),,,,,,,c'(ab'+a'),4
556,556,c'(ab'+a'),4,True,c'(ab'+a'),,,,,,,c'(ab'+a'),4
557,557,c'(ab'+a'),4,False,c'(ab'+a'),,,,,,,c'(ab'+a'),4
558,558,c'(ab'+a'),4,False,c'(ab'+a'),,,,,,,c'(ab'+a'),4
559,559,c'(ab'+a'),4,True,c'(ab'+a'),,,,,,,c'(ab'+a'),4
560,560,c'(ab'+a'),4,True,c'(ab'+a'),,,,,,,c'(ab'+a'),4
561,561,c'(ab'+a'),4,False,c'(ab'+a'),,,,,,,c'(ab'+a'),4
562,562,c'(ab'+a'),4,False,c'(ab'+a'),,,,,,,c'(ab'+a'),4
563,563,c'(ab'+a'),4,False,c'(ab'+a'),,,,,,,c'(ab'+a'),4
564,564,c'(ab'+a'),4,False,c'(ab'+a'),,,,,,,c'(ab'+a'),4
565,565,c'(ab'+a'),4,True,c'(ab'+a'),,,,,,,c'(ab'+a'),4
566,566,c'(ab'+a'),4,True,c'(ab'+a'),,,,,,,c'(ab'+a'),4
567,567,c'(ab'+a'),4,True,c'(ab'+a'),,,,,,,c'(ab'+a'),4
568,568,c'(ab'+a'),4,False,c'(ab'+a'),,,,,,,c'(ab'+a'),4
569,569,c'(ab'+a'),4,False,c'(ab'+a'),,,,,,,c'(ab'+a'),4
570,570,c'(ab'+a'),4,True,c'(ab'+a'),,,,,,,c'(ab'+a'),4
571,571,c'(ab'+a'),4,False,c'(ab'+a'),,,,,,,c'(ab'+a'),4
572,572,c'(ab'+a'),4,True,c'(ab'+a'),,,,,,,c'(ab'+a'),4
573,573,c'(ab'+a'),4,False,c'(ab'+a'),,,,,,,c'(ab'+a'),4
574,574,c'(ab'+a'),4,True,c'(ab'+a'),,,,,,,c'(ab'+a'),4
575,575,c'(ab'+a'),4,False,c'(ab'+a'),,,,,,,c'(ab'+a'),4
576,576,c'(ab'+a'),4,False,c'(ab'+a'),,,,,,,c'(ab'+a'),4
577,577,c'(ab'+a'),4,False,c'(ab'+a'),,,,,,,c'(ab'+a'),4
578,578,c'(ab'+a'),4,False,c'(ab'+a'),,,,,,,c'(ab'+a'),4
579,579,c'(ab'+a'),4,False,c'(ab'+a'),,,,,,,c'(ab'+a'),4
580,580,c'(ab'+a'),4,True,c'(ab'+a'),,,,,,,c'(ab'+a'),4
581,581,c'(ab'+a'),4,False,c'(ab'+a'),,,,,,,c'(ab'+a'),4
582,582,c'(ab'+a'),4,True,c'(ab'+a'),,,,,,,c'(ab'+a'),4
583,583,c'(ab'+a'),4,True,c'(ab'+a'),,,,,,,c'(ab'+a'),4
584,584,c'(ab'+a'),4,False,c'(ab'+a'),,,,,,,c'(ab'+a'),4
585,585,c'(ab'+a'),4,False,c'(ab'+a'),,,,,,,c'(ab'+a'),4
586,586,c'(ab'+a'),4,False,c'(ab'+a'),,,,,,,c'(ab'+a'),4
587,587,c'(ab'+a'),4,False,c'(ab'+a'),,,,,,,c'(ab'+a'),4
588,588,c'(ab'+a'),4,False,c'(ab'+a'),,,,,,,c'(ab'+a'),4
589,589,c'(ab'+a'),4,True,c'(ab'+a'),,,,,,,c'(ab'+a'),4
590,590,c'(ab'+a'),4,False,c'(ab'+a'),,,,,,,c'(ab'+a'),4
591,591,c'(ab'+a'),4,True,c'(ab'+a'),,,,,,,c'(ab'+a'),4
592,592,c'(ab'+a'),4,True,c'(ab'+a'),,,,,,,c'(ab'+a'),4
593,593,c'(ab'+a'),4,True,c'(ab'+a'),,,,,,,c'(ab'+a'),4
594,594,c'(ab'+a'),4,True,c'(ab'+a'),,,,,,,c'(ab'+a'),4
595,595,c'(ab'+a'),4,False,c'(ab'+a'),,,,,,,c'(ab'+a'),4
596,596,c'(ab'+a'),4,False,c'(ab'+a'),,,,,,,c'(ab'+a'),4
597,597,c'(ab'+a'),4,True,c'(ab'+a'),,,,,,,c'(ab'+a'),4
598,598,c'(ab'+a'),4,False,c'(ab'+a'),,,,,,,c'(ab'+a'),4
599,599,c'(ab'+a'),4,True,c'(ab'+a'),,,,,,,c'(ab'+a'),4
600,600,c'(ab'+a'),4,False,c'(ab'+a'),,,,,,,c'(ab'+a'),4
601,601,c'(ab'+a'),4,False,c'(ab'+a'),,,,,,,c'(ab'+a'),4
602,602,c'(ab'+a'),4,False,c'(ab'+a'),,,,,,,c'(ab'+a'),4
603,603,c'(ab'+a'),4,False,c'(ab'+a'),,,,,,,c'(ab'+a'),4
604,604,c'(ab'+a'),4,False,c'(ab'+a'),,,,,,,c'(ab'+a'),4
605,605,c'(ab'+a'),4,True,c'(ab'+a'),,,,,,,c'(ab'+a'),4
606,606,c'(ab'+a'),4,True,c'(ab'+a'),,,,,,,c'(ab'+a'),4
607,607,c'(ab'+a'),4,False,c'(ab'+a'),,,,,,,c'(ab'+a'),4
608,608,c'(ab'+a'),4,True,c'(ab'+a'),,,,,,,c'(ab'+a'),4
609,609,c'(ab'+a'),4,False,c'(ab'+a'),,,,,,,c'(ab'+a'),4
610,610,c'(ab'+a'),4,True,c'(ab'+a'),,,,,,,c'(ab'+a'),4
611,611,c'(ab'+a'),4,True,c'(ab'+a'),,,,,,,c'(ab'+a'),4
612,612,c'(ab'+a'),4,False,c'(ab'+a'),,,,,,,c'(ab'+a'),4
613,613,c'(ab'+a'),4,False,c'(ab'+a'),,,,,,,c'(ab'+a'),4
614,614,c'(ab'+a'),4,True,c'(ab'+a'),,,,,,,c'(ab'+a'),4
615,615,c'(ab'+a'),4,False,c'(ab'+a'),,,,,,,c'(ab'+a'),4
616,616,c'(ab'+a'),4,True,c'(ab'+a'),,,,,,,c'(ab'+a'),4
617,617,c'(ab'+a'),4,False,c'(ab'+a'),,,,,,,c'(ab'+a'),4
618,618,c'(ab'+a'),4,False,c'(ab'+a'),,,,,,,c'(ab'+a'),4
619,619,c'(ab'+a'),4,True,c'(ab'+a'),,,,,,,c'(ab'+a'),4
620,620,c'(ab'+a'),4,False,c'(ab'+a'),,,,,,,c'(ab'+a'),4
621,621,c'(ab'+a'),4,False,c'(ab'+a'),,,,,,,c'(ab'+a'),4
622,622,c'(ab'+a'),4,False,c'(ab'+a'),,,,,,,c'(ab'+a'),4
623,623,c'(ab'+a'),4,True,c'(ab'+a'),,,,,,,c'(ab'+a'),4
624,624,c'(ab'+a'),4,True,c'(ab'+a'),,,,,,,c'(ab'+a'),4
625,625,c'(ab'+a'),4,True,c'(ab'+a'),,,,,,,c'(ab'+a'),4
626,626,c'(ab'+a'),4,True,c'(ab'+a'),,,,,,,c'(ab'+a'),4
627,627,c'(ab'+a'),4,False,c'(ab'+a'),,,,,,,c'(ab'+a'),4
628,628,c'(ab'+a'),4,True,c'(ab'+a'),,,,,,,c'(ab'+a'),4
629,629,c'(ab'+a'),4,False,c'(ab'+a'),,,,,,,c'(ab'+a'),4
630,630,c'(ab'+a'),4,False,c'(ab'+a'),,,,,,,c'(ab'+a'),4
631,631,c'(ab'+a'),4,True,c'(ab'+a'),,,,,,,c'(ab'+a'),4
632,632,c'(ab'+a'),4,True,c'(ab'+a'),,,,,,,c'(ab'+a'),4
633,633,c'(ab'+a'),4,True,c'(ab'+a'),,,,,,,c'(ab'+a'),4
634,634,c'(ab'+a'),4,False,c'(ab'+a'),,,,,,,c'(ab'+a'),4
635,635,c'(ab'+a'),4,False,c'(ab'+a'),,,,,,,c'(ab'+a'),4
636,636,c'(ab'+a'),4,True,c'(ab'+a'),,,,,,,c'(ab'+a'),4
637,637,c'(ab'+a'),4,True,c'(ab'+a'),,,,,,,c'(ab'+a'),4
638,638,c'(ab'+a'),4,True,c'(ab'+a'),,,,,,,c'(ab'+a'),4
639,639,c'(ab'+a'),4,False,c'(ab'+a'),,,,,,,c'(ab'+a'),4
640,640,c'(ab'+a'),4,False,c'(ab'+a'),,,,,,,c'(ab'+a'),4
641,641,c'(ab'+a'),4,False,c'(ab'+a'),,,,,,,c'(ab'+a'),4
642,642,c'(ab'+a'),4,True,c'(ab'+a'),,,,,,,c'(ab'+a'),4
643,643,c'(ab'+a'),4,False,c'(ab'+a'),,,,,,,c'(ab'+a'),4
644,644,c'(ab'+a'),4,False,c'(ab'+a'),,,,,,,c'(ab'+a'),4
645,645,c'(ab'+a'),4,True,c'(ab'+a'),,,,,,,c'(ab'+a'),4
646,646,c'(ab'+a'),4,True,c'(ab'+a'),,,,,,,c'(ab'+a'),4
647,647,c'(ab'+a'),4,True,c'(ab'+a'),,,,,,,c'(ab'+a'),4
648,648,c'(ab'+a'),4,True,c'(ab'+a'),,,,,,,c'(ab'+a'),4
649,649,c'(ab'+a'),4,False,c'(ab'+a'),,,,,,,c'(ab'+a'),4
650,650,c'(ab'+a'),4,False,c'(ab'+a'),,,,,,,c'(ab'+a'),4
651,651,c'(ab'+a'),4,True,c'(ab'+a'),,,,,,,c'(ab'+a'),4
652,652,c'(ab'+a'),4,True,c'(ab'+a'),,,,,,,c'(ab'+a'),4
653,653,c'(ab'+a'),4,False,c'(ab'+a'),,,,,,,c'(ab'+a'),4
654,654,c'(ab'+a'),4,True,c'(ab'+a'),,,,,,,c'(ab'+a'),4
655,655,c'(ab'+a'),4,False,c'(ab'+a'),,,,,,,c'(ab'+a'),4
656,656,c'(ab'+a'),4,False,c'(ab'+a'),,,,,,,c'(ab'+a'),4
657,657,c'(ab'+a'),4,False,c'(ab'+a'),,,,,,,c'(ab'+a'),4
658,658,c'(ab'+a'),4,True,c'(ab'+a'),,,,,,,c'(ab'+a'),4
659,659,c'(ab'+a'),4,False,c'(ab'+a'),,,,,,,c'(ab'+a'),4
660,660,c'(ab'+a'),4,False,c'(ab'+a'),,,,,,,c'(ab'+a'),4
661,661,c'(ab'+a'),4,True,c'(ab'+a'),,,,,,,c'(ab'+a'),4
662,662,c'(ab'+a'),4,False,c'(ab'+a'),,,,,,,c'(ab'+a'),4
663,663,c'(ab'+a'),4,True,c'(ab'+a'),,,,,,,c'(ab'+a'),4
664,664,c'(ab'+a'),4,False,c'(ab'+a'),,,,,,,c'(ab'+a'),4
665,665,c'(ab'+a'),4,False,c'(ab'+a'),,,,,,,c'(ab'+a'),4
666,666,c'(ab'+a'),4,True,c'(ab'+a'),,,,,,,c'(ab'+a'),4
667,667,c'(ab'+a'),4,False,c'(ab'+a'),,,,,,,c'(ab'+a'),4
668,668,c'(ab'+a'),4,True,c'(ab'+a'),,,,,,,c'(ab'+a'),4
669,669,c'(ab'+a'),4,True,c'(ab'+a'),,,,,,,c'(ab'+a'),4
670,670,c'(ab'+a'),4,True,c'(ab'+a'),,,,,,,c'(ab'+a'),4
671,671,c'(ab'+a'),4,False,c'(ab'+a'),,,,,,,c'(ab'+a'),4
672,672,c'(ab'+a'),4,True,c'(ab'+a'),,,,,,,c'(ab'+a'),4
673,673,c'(ab'+a'),4,True,c'(ab'+a'),,,,,,,c'(ab'+a'),4
674,674,c'(ab'+a'),4,False,c'(ab'+a'),,,,,,,c'(ab'+a'),4
675,675,c'(ab'+a'),4,False,c'(ab'+a'),,,,,,,c'(ab'+a'),4
676,676,c'(ab'+a'),4,False,c'(ab'+a'),,,,,,,c'(ab'+a'),4
677,677,c'(ab'+a'),4,False,c'(ab'+a'),,,,,,,c'(ab'+a'),4
678,678,c'(ab'+a'),4,True,c'(ab'+a'),,,,,,,c'(ab'+a'),4
679,679,c'(ab'+a'),4,True,c'(ab'+a'),,,,,,,c'(ab'+a'),4
680,680,c'(ab'+a'),4,False,c'(ab'+a'),,,,,,,c'(ab'+a'),4
681,681,c'(ab'+a'),4,True,c'(ab'+a'),,,,,,,c'(ab'+a'),4
682,682,c'(ab'+a'),4,True,c'(ab'+a'),,,,,,,c'(ab'+a'),4
683,683,c'(ab'+a'),4,False,c'(ab'+a'),,,,,,,c'(ab'+a'),4
684,684,c'(ab'+a'),4,False,c'(ab'+a'),,,,,,,c'(ab'+a'),4
685,685,c'(ab'+a'),4,False,c'(ab'+a'),,,,,,,c'(ab'+a'),4
686,686,c'(ab'+a'),4,False,c'(ab'+a'),,,,,,,c'(ab'+a'),4
687,687,c'(ab'+a'),4,False,c'(ab'+a'),,,,,,,c'(ab'+a'),4
688,688,c'(ab'+a'),4,True,c'(ab'+a'),,,,,,,c'(ab'+a'),4
689,689,c'(ab'+a'),4,True,c'(ab'+a'),,,,,,,c'(ab'+a'),4
690,690,c'(ab'+a'),4,False,c'(ab'+a'),,,,,,,c'(ab'+a'),4
691,691,c'(ab'+a'),4,False,c'(ab'+a'),,,,,,,c'(ab'+a'),4
692,692,c'(ab'+a'),4,True,c'(ab'+a'),,,,,,,c'(ab'+a'),4
693,693,c'(ab'+a'),4,True,c'(ab'+a'),,,,,,,c'(ab'+a'),4
694,694,c'(ab'+a'),4,False,c'(ab'+a'),,,,,,,c'(ab'+a'),4
695,695,c'(ab'+a'),4,False,c'(ab'+a'),,,,,,,c'(ab'+a'),4
696,696,c'(ab'+a'),4,True,c'(ab'+a'),,,,,,,c'(ab'+a'),4
697,697,c'(ab'+a'),4,False,c'(ab'+a'),,,,,,,c'(ab'+a'),4
698,698,c'(ab'+a'),4,True,c'(ab'+a'),,,,,,,c'(ab'+a'),4
699,699,c'(ab'+a'),4,False,c'(ab'+a'),,,,,,,c'(ab'+a'),4
700,700,c'(ab'+a'),4,True,c'(ab'+a'),,,,,,,c'(ab'+a'),4
701,701,c'(ab'+a'),4,True,c'(ab'+a'),,,,,,,c'(ab'+a'),4
702,702,c'(ab'+a'),4,True,c'(ab'+a'),,,,,,,c'(ab'+a'),4
703,703,c'(ab'+a'),4,False,c'(ab'+a'),,,,,,,c'(ab'+a'),4
704,704,c'(ab'+a'),4,True,c'(ab'+a'),,,,,,,c'(ab'+a'),4
705,705,c'(ab'+a'),4,False,c'(ab'+a'),,,,,,,c'(ab'+a'),4
706,706,c'(ab'+a'),4,True,c'(ab'+a'),,,,,,,c'(ab'+a'),4
707,707,c'(ab'+a'),4,True,c'(ab'+a'),,,,,,,c'(ab'+a'),4
708,708,c'(ab'+a'),4,True,c'(ab'+a'),,,,,,,c'(ab'+a'),4
709,709,c'(ab'+a'),4,True,c'(ab'+a'),,,,,,,c'(ab'+a'),4
710,710,c'(ab'+a'),4,True,c'(ab'+a'),,,,,,,c'(ab'+a'),4
711,711,c'(ab'+a'),4,True,c'(ab'+a'),,,,,,,c'(ab'+a'),4
712,712,c'(ab'+a'),4,False,c'(ab'+a'),,,,,,,c'(ab'+a'),4
713,713,c'(ab'+a'),4,False,c'(ab'+a'),,,,,,,c'(ab'+a'),4
714,714,c'(ab'+a'),4,False,c'(ab'+a'),,,,,,,c'(ab'+a'),4
715,715,c'(ab'+a'),4,False,c'(ab'+a'),,,,,,,c'(ab'+a'),4
716,716,c'(ab'+a'),4,False,c'(ab'+a'),,,,,,,c'(ab'+a'),4
717,717,c'(ab'+a'),4,False,c'(ab'+a'),,,,,,,c'(ab'+a'),4
718,718,c'(ab'+a'),4,True,c'(ab'+a'),,,,,,,c'(ab'+a'),4
719,719,c'(ab'+a'),4,False,c'(ab'+a'),,,,,,,c'(ab'+a'),4
720,720,c'(ab'+a'),4,False,c'(ab'+a'),,,,,,,c'(ab'+a'),4
721,721,c'(ab'+a'),4,True,c'(ab'+a'),,,,,,,c'(ab'+a'),4
722,722,c'(ab'+a'),4,True,c'(ab'+a'),,,,,,,c'(ab'+a'),4
723,723,c'(ab'+a'),4,False,c'(ab'+a'),,,,,,,c'(ab'+a'),4
724,724,c'(ab'+a'),4,False,c'(ab'+a'),,,,,,,c'(ab'+a'),4
725,725,c'(ab'+a'),4,False,c'(ab'+a'),,,,,,,c'(ab'+a'),4
726,726,c'(ab'+a'),4,False,c'(ab'+a'),,,,,,,c'(ab'+a'),4
727,727,c'(ab'+a'),4,True,c'(ab'+a'),,,,,,,c'(ab'+a'),4
728,728,c'(ab'+a'),4,True,c'(ab'+a'),,,,,,,c'(ab'+a'),4
729,729,c'(ab'+a'),4,False,c'(ab'+a'),,,,,,,c'(ab'+a'),4
730,730,c'(ab'+a'),4,True,c'(ab'+a'),,,,,,,c'(ab'+a'),4
731,731,c'(ab'+a'),4,False,c'(ab'+a'),,,,,,,c'(ab'+a'),4
732,732,c'(ab'+a'),4,False,c'(ab'+a'),,,,,,,c'(ab'+a'),4
733,733,c'(ab'+a'),4,True,c'(ab'+a'),,,,,,,c'(ab'+a'),4
734,734,c'(ab'+a'),4,True,c'(ab'+a'),,,,,,,c'(ab'+a'),4
735,735,c'(ab'+a'),4,False,c'(ab'+a'),,,,,,,c'(ab'+a'),4
736,736,c'(ab'+a'),4,False,c'(ab'+a'),,,,,,,c'(ab'+a'),4
737,737,c'(ab'+a'),4,False,c'(ab'+a'),,,,,,,c'(ab'+a'),4
738,738,c'(ab'+a'),4,True,c'(ab'+a'),,,,,,,c'(ab'+a'),4
739,739,c'(ab'+a'),4,False,c'(ab'+a'),,,,,,,c'(ab'+a'),4
740,740,c'(ab'+a'),4,False,c'(ab'+a'),,,,,,,c'(ab'+a'),4
741,741,c'(ab'+a'),4,False,c'(ab'+a'),,,,,,,c'(ab'+a'),4
742,742,c'(ab'+a'),4,True,c'(ab'+a'),,,,,,,c'(ab'+a'),4
743,743,c'(ab'+a'),4,True,c'(ab'+a'),,,,,,,c'(ab'+a'),4
744,744,c'(ab'+a'),4,False,c'(ab'+a'),,,,,,,c'(ab'+a'),4
745,745,c'(ab'+a'),4,False,c'(ab'+a'),,,,,,,c'(ab'+a'),4
746,746,c'(ab'+a'),4,False,c'(ab'+a'),,,,,,,c'(ab'+a'),4
747,747,c'(ab'+a'),4,True,c'(ab'+a'),,,,,,,c'(ab'+a'),4
748,748,c'(ab'+a'),4,False,c'(ab'+a'),,,,,,,c'(ab'+a'),4
749,749,c'(ab'+a'),4,True,c'(ab'+a'),,,,,,,c'(ab'+a'),4
750,750,c'(ab'+a'),4,False,c'(ab'+a'),,,,,,,c'(ab'+a'),4
751,751,c'(ab'+a'),4,False,c'(ab'+a'),,,,,,,c'(ab'+a'),4
752,752,c'(ab'+a'),4,False,c'(ab'+a'),,,,,,,c'(ab'+a'),4
753,753,c'(ab'+a'),4,False,c'(ab'+a'),,,,,,,c'(ab'+a'),4
754,754,c'(ab'+a'),4,True,c'(ab'+a'),,,,,,,c'(ab'+a'),4
755,755,c'(ab'+a'),4,False,c'(ab'+a'),,,,,,,c'(ab'+a'),4
756,756,c'(ab'+a'),4,False,c'(ab'+a'),,,,,,,c'(ab'+a'),4
757,757,c'(ab'+a'),4,False,c'(ab'+a'),,,,,,,c'(ab'+a'),4
758,758,c'(ab'+a'),4,False,c'(ab'+a'),,,,,,,c'(ab'+a'),4
759,759,c'(ab'+a'),4,True,c'(ab'+a'),,,,,,,c'(ab'+a'),4
760,760,c'(ab'+a'),4,False,c'(ab'+a'),,,,,,,c'(ab'+a'),4
761,761,c'(ab'+a'),4,False,c'(ab'+a'),,,,,,,c'(ab'+a'),4
762,762,c'(ab'+a'),4,True,c'(ab'+a'),,,,,,,c'(ab'+a'),4
763,763,c'(ab'+a'),4,False,c'(ab'+a'),,,,,,,c'(ab'+a'),4
764,764,c'(ab'+a'),4,True,c'(ab'+a'),,,,,,,c'(ab'+a'),4
765,765,c'(ab'+a'),4,True,c'(ab'+a'),,,,,,,c'(ab'+a'),4
766,766,c'(ab'+a'),4,False,c'(ab'+a'),,,,,,,c'(ab'+a'),4
767,767,c'(ab'+a'),4,False,c'(ab'+a'),,,,,,,c'(ab'+a'),4
768,768,c'(ab'+a'),4,True,c'(ab'+a'),,,,,,,c'(ab'+a'),4
769,769,c'(ab'+a'),4,True,c'(ab'+a'),,,,,,,c'(ab'+a'),4
770,770,c'(ab'+a'),4,True,c'(ab'+a'),,,,,,,c'(ab'+a'),4
771,771,c'(ab'+a'),4,True,c'(ab'+a'),,,,,,,c'(ab'+a'),4
772,772,c'(ab'+a'),4,True,c'(ab'+a'),,,,,,,c'(ab'+a'),4
773,773,c'(ab'+a'),4,True,c'(ab'+a'),,,,,,,c'(ab'+a'),4
774,774,c'(ab'+a'),4,False,c'(ab'+a'),,,,,,,c'(ab'+a'),4
775,775,c'(ab'+a'),4,False,c'(ab'+a'),,,,,,,c'(ab'+a'),4
776,776,c'(ab'+a'),4,False,c'(ab'+a'),,,,,,,c'(ab'+a'),4
777,777,c'(ab'+a'),4,True,c'(ab'+a'),,,,,,,c'(ab'+a'),4
778,778,c'(ab'+a'),4,False,c'(ab'+a'),,,,,,,c'(ab'+a'),4
779,779,c'(ab'+a'),4,True,c'(ab'+a'),,,,,,,c'(ab'+a'),4
780,780,c'(ab'+a'),4,True,c'(ab'+a'),,,,,,,c'(ab'+a'),4
781,781,c'(ab'+a'),4,False,c'(ab'+a'),,,,,,,c'(ab'+a'),4
782,782,c'(ab'+a'),4,True,c'(ab'+a'),,,,,,,c'(ab'+a'),4
783,783,c'(ab'+a'),4,True,c'(ab'+a'),,,,,,,c'(ab'+a'),4
784,784,c'(ab'+a'),4,False,c'(ab'+a'),,,,,,,c'(ab'+a'),4
785,785,c'(ab'+a'),4,True,c'(ab'+a'),,,,,,,c'(ab'+a'),4
786,786,c'(ab'+a'),4,False,c'(ab'+a'),,,,,,,c'(ab'+a'),4
787,787,c'(ab'+a'),4,True,c'(ab'+a'),,,,,,,c'(ab'+a'),4
788,788,c'(ab'+a'),4,True,c'(ab'+a'),,,,,,,c'(ab'+a'),4
789,789,c'(ab'+a'),4,True,c'(ab'+a'),,,,,,,c'(ab'+a'),4
790,790,c'(ab'+a'),4,True,c'(ab'+a'),,,,,,,c'(ab'+a'),4
791,791,c'(ab'+a'),4,False,c'(ab'+a'),,,,,,,c'(ab'+a'),4
792,792,c'(ab'+a'),4,False,c'(ab'+a'),,,,,,,c'(ab'+a'),4
793,793,c'(ab'+a'),4,False,c'(ab'+a'),,,,,,,c'(ab'+a'),4
794,794,c'(ab'+a'),4,True,c'(ab'+a'),,,,,,,c'(ab'+a'),4
795,795,c'(ab'+a'),4,True,c'(ab'+a'),,,,,,,c'(ab'+a'),4
796,796,c'(ab'+a'),4,True,c'(ab'+a'),,,,,,,c'(ab'+a'),4
797,797,c'(ab'+a'),4,False,c'(ab'+a'),,,,,,,c'(ab'+a'),4
798,798,c'(ab'+a'),4,False,c'(ab'+a'),,,,,,,c'(ab'+a'),4
799,799,c'(ab'+a'),4,False,c'(ab'+a'),,,,,,,c'(ab'+a'),4
800,800,c'(ab'+a'),4,True,c'(ab'+a'),,,,,,,c'(ab'+a'),4
801,801,c'(ab'+a'),4,False,c'(ab'+a'),,,,,,,c'(ab'+a'),4
802,802,c'(ab'+a'),4,False,c'(ab'+a'),,,,,,,c'(ab'+a'),4
803,803,c'(ab'+a'),4,False,c'(ab'+a'),,,,,,,c'(ab'+a'),4
804,804,c'(ab'+a'),4,False,c'(ab'+a'),,,,,,,c'(ab'+a'),4
805,805,c'(ab'+a'),4,False,c'(ab'+a'),,,,,,,c'(ab'+a'),4
806,806,c'(ab'+a'),4,False,c'(ab'+a'),,,,,,,c'(ab'+a'),4
807,807,c'(ab'+a'),4,False,c'(ab'+a'),,,,,,,c'(ab'+a'),4
808,808,c'(ab'+a'),4,False,c'(ab'+a'),,,,,,,c'(ab'+a'),4
809,809,c'(ab'+a'),4,True,c'(ab'+a'),,,,,,,c'(ab'+a'),4
810,810,c'(ab'+a'),4,False,c'(ab'+a'),,,,,,,c'(ab'+a'),4
811,811,c'(ab'+a'),4,False,c'(ab'+a'),,,,,,,c'(ab'+a'),4
812,812,c'(ab'+a'),4,False,c'(ab'+a'),,,,,,,c'(ab'+a'),4
813,813,c'(ab'+a'),4,False,c'(ab'+a'),,,,,,,c'(ab'+a'),4
814,814,c'(ab'+a'),4,False,c'(ab'+a'),,,,,,,c'(ab'+a'),4
815,815,c'(ab'+a'),4,False,c'(ab'+a'),,,,,,,c'(ab'+a'),4
816,816,c'(ab'+a'),4,True,c'(ab'+a'),,,,,,,c'(ab'+a'),4
817,817,c'(ab'+a'),4,False,c'(ab'+a'),,,,,,,c'(ab'+a'),4
818,818,c'(ab'+a'),4,False,c'(ab'+a'),,,,,,,c'(ab'+a'),4
819,819,c'(ab'+a'),4,False,c'(ab'+a'),,,,,,,c'(ab'+a'),4
820,820,c'(ab'+a'),4,False,c'(ab'+a'),,,,,,,c'(ab'+a'),4
821,821,c'(ab'+a'),4,True,c'(ab'+a'),,,,,,,c'(ab'+a'),4
822,822,c'(ab'+a'),4,True,c'(ab'+a'),,,,,,,c'(ab'+a'),4
823,823,c'(ab'+a'),4,False,c'(ab'+a'),,,,,,,c'(ab'+a'),4
824,824,c'(ab'+a'),4,True,c'(ab'+a'),,,,,,,c'(ab'+a'),4
825,825,c'(ab'+a'),4,False,c'(ab'+a'),,,,,,,c'(ab'+a'),4
826,826,c'(ab'+a'),4,False,c'(ab'+a'),,,,,,,c'(ab'+a'),4
827,827,c'(ab'+a'),4,False,c'(ab'+a'),,,,,,,c'(ab'+a'),4
828,828,c'(ab'+a'),4,False,c'(ab'+a'),,,,,,,c'(ab'+a'),4
829,829,c'(ab'+a'),4,False,c'(ab'+a'),,,,,,,c'(ab'+a'),4
830,830,c'(ab'+a'),4,False,c'(ab'+a'),,,,,,,c'(ab'+a'),4
831,831,c'(ab'+a'),4,True,c'(ab'+a'),,,,,,,c'(ab'+a'),4
832,832,c'(ab'+a'),4,False,c'(ab'+a'),,,,,,,c'(ab'+a'),4
833,833,c'(ab'+a'),4,True,c'(ab'+a'),,,,,,,c'(ab'+a'),4
834,834,c'(ab'+a'),4,False,c'(ab'+a'),,,,,,,c'(ab'+a'),4
835,835,c'(ab'+a'),4,False,c'(ab'+a'),,,,,,,c'(ab'+a'),4
836,836,c'(ab'+a'),4,False,c'(ab'+a'),,,,,,,c'(ab'+a'),4
837,837,c'(ab'+a'),4,False,c'(ab'+a'),,,,,,,c'(ab'+a'),4
838,838,c'(ab'+a'),4,False,c'(ab'+a'),,,,,,,c'(ab'+a'),4
839,839,c'(ab'+a'),4,False,c'(ab'+a'),,,,,,,c'(ab'+a'),4
840,840,c'(ab'+a'),4,False,c'(ab'+a'),,,,,,,c'(ab'+a'),4
841,841,c'(ab'+a'),4,True,c'(ab'+a'),,,,,,,c'(ab'+a'),4
842,842,c'(ab'+a'),4,False,c'(ab'+a'),,,,,,,c'(ab'+a'),4
843,843,c'(ab'+a'),4,False,c'(ab'+a'),,,,,,,c'(ab'+a'),4
844,844,c'(ab'+a'),4,True,c'(ab'+a'),,,,,,,c'(ab'+a'),4
845,845,c'(ab'+a'),4,False,c'(ab'+a'),,,,,,,c'(ab'+a'),4
846,846,c'(ab'+a'),4,True,c'(ab'+a'),,,,,,,c'(ab'+a'),4
847,847,c'(ab'+a'),4,False,c'(ab'+a'),,,,,,,c'(ab'+a'),4
848,848,c'(ab'+a'),4,True,c'(ab'+a'),,,,,,,c'(ab'+a'),4
849,849,c'(ab'+a'),4,False,c'(ab'+a'),,,,,,,c'(ab'+a'),4
850,850,c'(ab'+a'),4,False,c'(ab'+a'),,,,,,,c'(ab'+a'),4
851,851,c'(ab'+a'),4,False,c'(ab'+a'),,,,,,,c'(ab'+a'),4
852,852,c'(ab'+a'),4,True,c'(ab'+a'),,,,,,,c'(ab'+a'),4
853,853,c'(ab'+a'),4,False,c'(ab'+a'),,,,,,,c'(ab'+a'),4
854,854,c'(ab'+a'),4,True,c'(ab'+a'),,,,,,,c'(ab'+a'),4
855,855,c'(ab'+a'),4,False,c'(ab'+a'),,,,,,,c'(ab'+a'),4
